molecule,functional,oxidation_potential,reduction_potential
BF3-Acr_m,experiment,1.69,-0.7
BF3-Acr_o,experiment,1.78,-0.97
BF3-Acr_p,experiment,1.71,-0.8
BOH-Acr_m,experiment,1.59,-0.67
BOH-Acr_o,experiment,1.6,-0.58
BOH-Acr_p,experiment,1.55,-0.59
CA_1,experiment,1.49,-1.24
CA_2,experiment,1.3,-1.59
CA_3,experiment,1.79,-1.16
Eos_1,experiment,0.39,-1.11
Eos_2,experiment,0.54,-0.99
Eos_3,experiment,0.48,-1.08
Eos_Y,experiment,0.77,-1
Me2-Acr_1,experiment,0.82,
Me2-Acr_2,experiment,0.76,
Me2-Acr_3,experiment,0.9,
Mes-Acr_1,experiment,1.88,-0.49
NCE_1,experiment,1.75,-1.74
NCE_2,experiment,1.47,-1.76
NCE_3,experiment,1.64,-1.7
NCE_4,experiment,1.35,-1.59
PA_1,experiment,0.19,
PA_2,experiment,0.23,
PA_3,experiment,0.32,
PDI_1,experiment,,-0.58254717
PDI_2,experiment,,-0.420665634674922
PDI_3,experiment,,0.11216216216216146
Ph-Acr_1,experiment,,-0.83
Ph-Acr_2,experiment,,-0.48
POZ_1,experiment,0.63,
POZ_2,experiment,,
POZ_3,experiment,0.65,
POZ_4,experiment,,
POZ_5,experiment,0.62,
PTZ_1,experiment,0.815,
PTZ_2,experiment,0.903,
PTZ_3,experiment,0.902,
Rh_6G,experiment,1.4,-0.95
Rh_B,experiment,1.18,-0.87
BF3-Acr_m,wPBEPP86,2.636715069845125,-1.0265901692169037
BF3-Acr_o,wPBEPP86,2.6083090406215943,-1.1688891393929892
BF3-Acr_p,wPBEPP86,2.679286476476263,-0.9990162634209776
BOH-Acr_m,wPBEPP86,2.829466638135327,-0.727053122356538
BOH-Acr_o,wPBEPP86,2.860855794767815,-0.6729018854104298
BOH-Acr_p,wPBEPP86,2.842182614185587,-0.7325350853326538
CA_1,wPBEPP86,2.0827799790858617,-1.372183655651447
CA_2,wPBEPP86,1.8925034790807,-1.7150041557652864
CA_3,wPBEPP86,2.254582031194472,-1.170120781900542
Eos_1,wPBEPP86,1.1761305327178428,-2.1332636548331534
Eos_2,wPBEPP86,1.345347548440162,-2.0417490865686894
Eos_3,wPBEPP86,1.9262942702314483,-2.6532358260343627
Eos_Y,wPBEPP86,1.3335631243165045,-1.9997817007798795
Me2-Acr_1,wPBEPP86,1.45647563712381,-2.3368889536156323
Me2-Acr_2,wPBEPP86,1.7859670187985541,-3.024638998954505
Me2-Acr_3,wPBEPP86,1.8313112601774693,-2.5563224743508073
Mes-Acr_1,wPBEPP86,2.923083762308199,-0.7556605635514111
NCE_1,wPBEPP86,2.021456321229956,-2.0772143288392764
NCE_2,wPBEPP86,1.8834702811582575,-2.0677655867585596
NCE_3,wPBEPP86,2.198909934608631,-2.4066022040765285
NCE_4,wPBEPP86,2.6243508397524353,-2.4090474976797163
PA_1,wPBEPP86,0.1623199351279183,-3.1797755008832542
PA_2,wPBEPP86,0.21887537022146208,-2.306979562785066
PA_3,wPBEPP86,0.3299593897819433,-2.3067933388937
PDI_1,wPBEPP86,2.2957195531727974,-0.6712520211727782
PDI_2,wPBEPP86,2.5951763805967767,-0.6475171584854524
PDI_3,wPBEPP86,3.1006846705610513,-0.19814136344254774
Ph-Acr_1,wPBEPP86,2.0826991114150433,-1.2400852204507387
Ph-Acr_2,wPBEPP86,2.361894686384363,-0.9841823854954148
POZ_1,wPBEPP86,1.4601406121736193,-3.059635222295353
POZ_2,wPBEPP86,1.2851785213117655,-2.885281419080326
POZ_3,wPBEPP86,1.0437293878886598,-2.859569485166635
POZ_4,wPBEPP86,0.9147479239906042,-3.146643589109736
POZ_5,wPBEPP86,1.2681279440212947,-3.0419062872258005
PTZ_1,wPBEPP86,0.9122732782449514,-2.9650876345845285
PTZ_2,wPBEPP86,1.038498074796685,-2.9960393328976513
PTZ_3,wPBEPP86,1.392243063366596,-2.4910145483939434
Rh_6G,wPBEPP86,1.940458286570104,-1.2684953264959802
Rh_B,wPBEPP86,1.9015791153561716,-1.1895519116834277
BF3-Acr_m,B2GPPLYP,2.1453075629431915,-1.2469034044666758
BF3-Acr_o,B2GPPLYP,2.1461947491498767,-1.3812913540124048
BF3-Acr_p,B2GPPLYP,2.1856135454871133,-1.216454559961969
BOH-Acr_m,B2GPPLYP,2.3439869444891395,-0.951927108672824
BOH-Acr_o,B2GPPLYP,2.3841937425863975,-0.9151833735493748
BOH-Acr_p,B2GPPLYP,2.358926881814715,-0.9545259053231088
CA_1,B2GPPLYP,1.4115396516231078,-1.6483913587249037
CA_2,B2GPPLYP,1.240286981496868,-1.9285997452077068
CA_3,B2GPPLYP,1.5147034307144835,-1.4105933187049087
Eos_1,B2GPPLYP,0.40114875098904257,-2.4289458185767785
Eos_2,B2GPPLYP,0.5418405034411533,-2.3203766716277396
Eos_3,B2GPPLYP,0.6219623795641187,-2.4763092326383025
Eos_Y,B2GPPLYP,0.7332074930562351,-2.272384169334857
Me2-Acr_1,B2GPPLYP,0.7120195239367231,-2.6762151686878575
Me2-Acr_2,B2GPPLYP,0.7272875890450967,-2.9492285262257885
Me2-Acr_3,B2GPPLYP,0.869286267316391,-2.5264682905497517
Mes-Acr_1,B2GPPLYP,2.3045903225942377,-0.9992520942270757
NCE_1,B2GPPLYP,1.4547174331791792,-2.2679572854876136
NCE_2,B2GPPLYP,1.1666176552859646,-2.2764761295054226
NCE_3,B2GPPLYP,1.4449025623191583,-2.430897249836214
NCE_4,B2GPPLYP,1.4479686325089007,-2.420057669919113
PA_1,B2GPPLYP,-0.25163790643008443,-3.4775158889437163
PA_2,B2GPPLYP,-0.20466082372529026,-2.645375330436878
PA_3,B2GPPLYP,-0.08678886806766073,-2.6006237143484343
PDI_1,B2GPPLYP,1.599497044287208,-1.001837991327081
PDI_2,B2GPPLYP,1.8867115524450453,-0.8926683449241328
PDI_3,B2GPPLYP,2.34404426071056,-0.5171116343450111
Ph-Acr_1,B2GPPLYP,1.4230858445286438,-1.5111257531460969
Ph-Acr_2,B2GPPLYP,1.7701964136695247,-1.2321873615977652
POZ_1,B2GPPLYP,0.48207907579258613,-2.9118280222812873
POZ_2,B2GPPLYP,0.45800200501239896,-2.866983663230532
POZ_3,B2GPPLYP,0.4169710994420095,-3.1193571708205807
POZ_4,B2GPPLYP,0.36630870707918284,-3.475288261816097
POZ_5,B2GPPLYP,0.41493180611228286,-2.9721998360864683
PTZ_1,B2GPPLYP,0.3584826358972668,-3.402894709184805
PTZ_2,B2GPPLYP,0.48440242317251236,-3.3078611727367795
PTZ_3,B2GPPLYP,0.6746900199518091,-2.8164172327469825
Rh_6G,B2GPPLYP,1.32276209699626,-1.5204726301642442
Rh_B,B2GPPLYP,1.252729721100435,-1.4800118324632323
BF3-Acr_m,RI-SCS-PBE-QIDH,2.2907253599126376,-1.088837394902602
BF3-Acr_o,RI-SCS-PBE-QIDH,2.2853119846325898,-1.2223286410420342
BF3-Acr_p,RI-SCS-PBE-QIDH,2.332207063890494,-1.0597353803546676
BOH-Acr_m,RI-SCS-PBE-QIDH,2.4841778945954935,-0.792166635672694
BOH-Acr_o,RI-SCS-PBE-QIDH,2.5192838895521064,-0.7521997963895801
BOH-Acr_p,RI-SCS-PBE-QIDH,2.497453982937059,-0.7959940780138752
CA_1,RI-SCS-PBE-QIDH,1.6293569435532689,-1.4957227004576792
CA_2,RI-SCS-PBE-QIDH,1.444203967976608,-1.7941147018674144
CA_3,RI-SCS-PBE-QIDH,1.75524778333837,-1.2714075162036003
Eos_1,RI-SCS-PBE-QIDH,0.5512769709856293,-2.2862704538502494
Eos_2,RI-SCS-PBE-QIDH,0.6987530208194475,-2.187008402788601
Eos_3,RI-SCS-PBE-QIDH,0.9723222391852371,-2.4800695180568573
Eos_Y,RI-SCS-PBE-QIDH,0.8371390749496932,-2.136129353619681
Me2-Acr_1,RI-SCS-PBE-QIDH,0.911979297198199,-2.5505508283899445
Me2-Acr_2,RI-SCS-PBE-QIDH,1.0396772063678021,-2.8929065684620783
Me2-Acr_3,RI-SCS-PBE-QIDH,1.1398043556283595,-2.5343292471212306
Mes-Acr_1,RI-SCS-PBE-QIDH,2.4824304598677234,-0.8317973561929892
NCE_1,RI-SCS-PBE-QIDH,1.6197611853915852,-2.1732437675563334
NCE_2,RI-SCS-PBE-QIDH,1.3777439512060443,-2.176199059319303
NCE_3,RI-SCS-PBE-QIDH,1.6713267288136544,-2.3707229608293443
NCE_4,RI-SCS-PBE-QIDH,1.8367455487720168,-2.3602493975802963
PA_1,RI-SCS-PBE-QIDH,-0.1054465762639456,-3.4096555236769803
PA_2,RI-SCS-PBE-QIDH,-0.05223296211201234,-2.5237601457387884
PA_3,RI-SCS-PBE-QIDH,0.06390974441362829,-2.4717259056016463
PDI_1,RI-SCS-PBE-QIDH,1.7799874687865351,-0.8711806771211723
PDI_2,RI-SCS-PBE-QIDH,2.079717476310786,-0.7793128734157797
PDI_3,RI-SCS-PBE-QIDH,2.5598996945399373,-0.3661583729365958
Ph-Acr_1,RI-SCS-PBE-QIDH,1.585821837700541,-1.3494285838687619
Ph-Acr_2,RI-SCS-PBE-QIDH,1.9234020677913488,-1.0666034800089106
POZ_1,RI-SCS-PBE-QIDH,0.754283559081939,-2.9028227857030773
POZ_2,RI-SCS-PBE-QIDH,0.6851524278838603,-2.769113309605295
POZ_3,RI-SCS-PBE-QIDH,0.6098029299404004,-3.0117971911722954
POZ_4,RI-SCS-PBE-QIDH,0.5323699896462193,-3.357344990545693
POZ_5,RI-SCS-PBE-QIDH,0.6822723870489522,-2.96982073012618
PTZ_1,RI-SCS-PBE-QIDH,0.5411003295165226,-3.1899344818851856
PTZ_2,RI-SCS-PBE-QIDH,0.6760844021062091,-3.192084573496266
PTZ_3,RI-SCS-PBE-QIDH,0.8879601151276182,-2.693301724870226
Rh_6G,RI-SCS-PBE-QIDH,1.448473769080585,-1.3700422714218017
Rh_B,RI-SCS-PBE-QIDH,1.3841813735051973,-1.3168922674614874
BF3-Acr_m,RI-B2PLYP,1.9695591990434016,-1.1601276584076188
BF3-Acr_o,RI-B2PLYP,1.9656432606341419,-1.301981705665824
BF3-Acr_p,RI-B2PLYP,2.0029733346818768,-1.130710655357773
BOH-Acr_m,RI-B2PLYP,2.1922043099797035,-0.8629635369973934
BOH-Acr_o,RI-B2PLYP,2.2327568394762594,-0.8274751585283266
BOH-Acr_p,RI-B2PLYP,2.2104135436145,-0.8623710055784399
CA_1,RI-B2PLYP,1.1965514849431882,-1.6334460433632043
CA_2,RI-B2PLYP,1.005258663528764,-1.929021506869129
CA_3,RI-B2PLYP,1.3234145424869643,-1.3949652207273133
Eos_1,RI-B2PLYP,0.13536856104122297,-2.3723086978828793
Eos_2,RI-B2PLYP,0.281384263140926,-2.262377773466058
Eos_3,RI-B2PLYP,0.1958571737649315,-2.3808244993918906
Eos_Y,RI-B2PLYP,0.4924802473093388,-2.2243409800603167
Me2-Acr_1,RI-B2PLYP,0.5263900076872439,-2.6435632764945707
Me2-Acr_2,RI-B2PLYP,0.4099167972389912,-2.8256493318189615
Me2-Acr_3,RI-B2PLYP,0.5745681763747843,-2.439778660954153
Mes-Acr_1,RI-B2PLYP,2.142031629004425,-0.9147256837895053
NCE_1,RI-B2PLYP,1.312795754740531,-2.1752758038727866
NCE_2,RI-B2PLYP,0.9929823950762531,-2.1826752320062868
NCE_3,RI-B2PLYP,1.2181248553074893,-2.2127876527771098
NCE_4,RI-B2PLYP,0.995287428637794,-2.1965965101617098
PA_1,RI-B2PLYP,-0.30223299160903494,-3.4129554951218664
PA_2,RI-B2PLYP,-0.26194265126990324,-2.6126277036308974
PA_3,RI-B2PLYP,-0.13732661420696246,-2.5460268439886713
PDI_1,RI-B2PLYP,1.3820454511661904,-0.9726541036708674
PDI_2,RI-B2PLYP,1.6376799436310199,-0.8297653956258766
PDI_3,RI-B2PLYP,2.012527820775465,-0.481517549072624
Ph-Acr_1,RI-B2PLYP,1.2364044992257694,-1.455045300317106
Ph-Acr_2,RI-B2PLYP,1.6180515697641455,-1.1559099470402092
POZ_1,RI-B2PLYP,0.2330659277295064,-2.7788185503807257
POZ_2,RI-B2PLYP,0.26087415794486457,-2.754046130179567
POZ_3,RI-B2PLYP,0.244604593713313,-3.033836516135442
POZ_4,RI-B2PLYP,0.22484049359431513,-3.432055698322104
POZ_5,RI-B2PLYP,0.16622861734679706,-2.8268069631187314
PTZ_1,RI-B2PLYP,0.23743601291704497,-3.182267458783996
PTZ_2,RI-B2PLYP,0.3634194051866988,-3.272307292613266
PTZ_3,RI-B2PLYP,0.3956564112256622,-2.785606682134282
Rh_6G,RI-B2PLYP,1.1224004916982508,-1.451498978120462
Rh_B,RI-B2PLYP,1.0178359300137094,-1.4157535649015585
BF3-Acr_m,RI-wB2PLYP,2.23418433706075,-1.009431089494179
BF3-Acr_o,RI-wB2PLYP,2.2237051886914943,-1.1608838587655623
BF3-Acr_p,RI-wB2PLYP,2.2767237382312455,-0.9791472249866393
BOH-Acr_m,RI-wB2PLYP,2.4150326953719485,-0.7168615176115498
BOH-Acr_o,RI-wB2PLYP,2.4512880866547526,-0.6704921617312776
BOH-Acr_p,RI-wB2PLYP,2.4263182616613443,-0.7188060148705215
CA_1,RI-wB2PLYP,1.5491443541704273,-1.5610966804582018
CA_2,RI-wB2PLYP,1.3183034849781068,-1.8430895913994156
CA_3,RI-wB2PLYP,1.632634656348639,-1.334665387573653
Eos_1,RI-wB2PLYP,0.2198581245011857,-2.2498100780584713
Eos_2,RI-wB2PLYP,0.3630796126705782,-2.1609395631021773
Eos_3,RI-wB2PLYP,0.3536853897345553,-2.282796396685338
Eos_Y,RI-wB2PLYP,0.5788481519027417,-2.106490782647468
Me2-Acr_1,RI-wB2PLYP,0.7330883484851016,-2.647471972585051
Me2-Acr_2,RI-wB2PLYP,0.7282344694382266,-2.9689965475471713
Me2-Acr_3,RI-wB2PLYP,0.8362773474324792,-2.5780095347366636
Mes-Acr_1,RI-wB2PLYP,2.4522552156886785,-0.7717094352564295
NCE_1,RI-wB2PLYP,1.5524257197941411,-2.1936944006167614
NCE_2,RI-wB2PLYP,1.264548311264062,-2.1942641275244354
NCE_3,RI-wB2PLYP,1.5742982878957807,-2.3748057064573667
NCE_4,RI-wB2PLYP,1.4392024815021314,-2.3648579998943955
PA_1,RI-wB2PLYP,-0.13969310552927805,-3.6328469950798716
PA_2,RI-wB2PLYP,-0.08512340546121333,-2.6312090052313466
PA_3,RI-wB2PLYP,0.03128932520822403,-2.5285461712728936
PDI_1,RI-wB2PLYP,1.604519279702033,-0.9682392971009843
PDI_2,RI-wB2PLYP,1.9370326267620284,-0.848157117001278
PDI_3,RI-wB2PLYP,2.3716826202486514,-0.43053020157332433
Ph-Acr_1,RI-wB2PLYP,1.3785882223208352,-1.3039899853358792
Ph-Acr_2,RI-wB2PLYP,1.785331415576346,-1.01002218532299
POZ_1,RI-wB2PLYP,0.5175631984146074,-2.9244052748884437
POZ_2,RI-wB2PLYP,0.509672707959167,-2.86622126411652
POZ_3,RI-wB2PLYP,0.4682610175505939,-3.088800348523442
POZ_4,RI-wB2PLYP,0.4234678730354675,-3.4382877474785065
POZ_5,RI-wB2PLYP,0.44354894786929755,-2.9855705357193987
PTZ_1,RI-wB2PLYP,0.46758104530143374,-3.379530724450458
PTZ_2,RI-wB2PLYP,0.6012081808204295,-3.2548273654991817
PTZ_3,RI-wB2PLYP,0.7000985661310075,-2.7759631287868256
Rh_6G,RI-wB2PLYP,1.2579106095399428,-1.273828408817678
Rh_B,RI-wB2PLYP,1.1696851252205658,-1.2365642244394506
BF3-Acr_m,DSD-BLYP,2.191206437077007,-1.3971424240996035
BF3-Acr_o,DSD-BLYP,2.187418934802224,-1.528936614100362
BF3-Acr_p,DSD-BLYP,2.2322145119892003,-1.3664007348965281
BOH-Acr_m,DSD-BLYP,2.3875192045907907,-1.1032467655145557
BOH-Acr_o,DSD-BLYP,2.423766738285546,-1.0657801250639918
BOH-Acr_p,DSD-BLYP,2.4027831961597386,-1.1090615551548537
CA_1,DSD-BLYP,1.507369886849105,-1.7523278122853343
CA_2,DSD-BLYP,1.3791875256058512,-2.0519389318352435
CA_3,DSD-BLYP,1.6623459795044324,-1.5123872261188924
Eos_1,DSD-BLYP,0.6397950559201044,-2.54749198500469
Eos_2,DSD-BLYP,0.792994291771782,-2.4418346498208985
Eos_3,DSD-BLYP,1.170898928464533,-2.786867883540464
Eos_Y,DSD-BLYP,0.8944133140970036,-2.37156798297815
Me2-Acr_1,DSD-BLYP,0.8736106923166922,-2.713644060933607
Me2-Acr_2,DSD-BLYP,1.0109301429898547,-3.095890475072502
Me2-Acr_3,DSD-BLYP,1.1480832370454843,-2.7652486712072126
Mes-Acr_1,DSD-BLYP,2.37971500108587,-1.1398559256824305
NCE_1,DSD-BLYP,1.5210633383849332,-2.3932297925567614
NCE_2,DSD-BLYP,1.2842598991349474,-2.3990403565371436
NCE_3,DSD-BLYP,1.5920014164958713,-2.647391558293495
NCE_4,DSD-BLYP,1.8938743508436646,-2.6440173938683946
PA_1,DSD-BLYP,-0.2555737638594495,-3.498641199174556
PA_2,DSD-BLYP,-0.2115542105146595,-2.6816526108104206
PA_3,DSD-BLYP,-0.09290620081533962,-2.6683703054916155
PDI_1,DSD-BLYP,1.7485243341836618,-1.055617932848103
PDI_2,DSD-BLYP,2.0476672250953465,-0.9835721310664285
PDI_3,DSD-BLYP,2.5410035590298357,-0.602608922805616
Ph-Acr_1,DSD-BLYP,1.5792816708718371,-1.6306887746130276
Ph-Acr_2,DSD-BLYP,1.8686204467142353,-1.3677786950263835
POZ_1,DSD-BLYP,0.7227266703438007,-3.127520258781388
POZ_2,DSD-BLYP,0.625408071048021,-2.9729257591490112
POZ_3,DSD-BLYP,0.5424181050505483,-3.195386397499148
POZ_4,DSD-BLYP,0.45463402969759237,-3.507777464292878
POZ_5,DSD-BLYP,0.6520384029098407,-3.1945533728381497
PTZ_1,DSD-BLYP,0.4563181940261174,-3.4285247411395123
PTZ_2,DSD-BLYP,0.5627781002168364,-3.347076401411198
PTZ_3,DSD-BLYP,0.8683447840096363,-2.8558096176904106
Rh_6G,DSD-BLYP,1.4609350916004766,-1.6610872769524203
Rh_B,DSD-BLYP,1.4112593333833754,-1.6065394475002481
BF3-Acr_m,B3LYP-D3,1.7685245674812173,-0.9622051580356049
BF3-Acr_o,B3LYP-D3,1.714009256466721,-1.1150327942459652
BF3-Acr_p,B3LYP-D3,1.7532072725992482,-0.9179871835531505
BOH-Acr_m,B3LYP-D3,2.0078882529872595,-0.728924580143753
BOH-Acr_o,B3LYP-D3,2.049699379481282,-0.6166772989846881
BOH-Acr_p,B3LYP-D3,1.979975074946902,-0.660012535775515
CA_1,B3LYP-D3,1.010708682204267,-1.417228137647827
CA_2,B3LYP-D3,0.7926381862951942,-1.681667396794329
CA_3,B3LYP-D3,1.1486644741035037,-1.217486693939338
Eos_1,B3LYP-D3,-0.15782513170906257,-2.2113690598391225
Eos_2,B3LYP-D3,0.0010586728212272634,-2.1208193296163995
Eos_3,B3LYP-D3,-0.11629292202700672,-2.2143212242055252
Eos_Y,B3LYP-D3,0.18396061617802548,-2.0448159954273124
Me2-Acr_1,B3LYP-D3,0.4158395350321561,-2.4723326073630507
Me2-Acr_2,B3LYP-D3,0.23384862925069302,-2.4685793394963027
Me2-Acr_3,B3LYP-D3,0.41575164222717176,-2.1924193156860796
Mes-Acr_1,B3LYP-D3,1.7294582545083572,-0.7840684744001915
NCE_1,B3LYP-D3,1.169795211644972,-1.9709076666147194
NCE_2,B3LYP-D3,0.865198734649305,-1.923454529238143
NCE_3,B3LYP-D3,0.9765461349390471,-1.9322612254893312
NCE_4,B3LYP-D3,0.7942787613670245,-1.8944496299913234
PA_1,B3LYP-D3,-0.27661947478008864,-3.158662794419555
PA_2,B3LYP-D3,-0.24191678129079755,-2.5991295499196903
PA_3,B3LYP-D3,-0.14357996583754887,-2.5546647680672403
PDI_1,B3LYP-D3,1.2165947312876786,-0.8326764634290263
PDI_2,B3LYP-D3,1.463952036514581,-0.6228140130330052
PDI_3,B3LYP-D3,1.8704309738770148,-0.2978201456125017
Ph-Acr_1,B3LYP-D3,1.0963266190024101,-1.2470905160106298
Ph-Acr_2,B3LYP-D3,1.4306877374274332,-0.912373200415379
POZ_1,B3LYP-D3,0.11299955365808464,-2.4472407068781474
POZ_2,B3LYP-D3,0.2105238368279215,-2.456080601021829
POZ_3,B3LYP-D3,0.16937993375806534,-2.747633567393405
POZ_4,B3LYP-D3,0.19218036257904067,-3.113414596478996
POZ_5,B3LYP-D3,0.08847283387061874,-2.4903204286638707
PTZ_1,B3LYP-D3,0.1970797744505651,-3.040645064597676
PTZ_2,B3LYP-D3,0.34804043677310725,-2.7845945346479444
PTZ_3,B3LYP-D3,0.287493991930608,-2.6318534306840564
Rh_6G,B3LYP-D3,0.8910424860148872,-1.2690229012993584
Rh_B,B3LYP-D3,0.8098942931520728,-1.2145073181737787
BF3-Acr_m,B97D3,1.4181868220457292,-1.0714371443886583
BF3-Acr_o,B97D3,1.558552455167693,-1.2163435431874174
BF3-Acr_p,B97D3,1.3424490710770205,-1.0179136887673135
BOH-Acr_m,B97D3,1.707587094872372,-0.7875395600910337
BOH-Acr_o,B97D3,1.7406930236259561,-0.7072507031191709
BOH-Acr_p,B97D3,1.6465467631787987,-0.7617711842937526
CA_1,B97D3,0.5778371396294452,-1.421553661180619
CA_2,B97D3,0.48115831453061697,-1.7305940312678763
CA_3,B97D3,0.7451096733565038,-1.2494029404569194
Eos_1,B97D3,-0.3078159798713379,-2.3015010951308845
Eos_2,B97D3,-0.14762412352768486,-2.1848507379696835
Eos_3,B97D3,-0.3108046075065468,-2.259834461150483
Eos_Y,B97D3,0.015176489381563657,-2.1511853428823544
Me2-Acr_1,B97D3,0.231006398922157,-2.455497188693082
Me2-Acr_2,B97D3,0.0011430281542819942,-2.3533600296575554
Me2-Acr_3,B97D3,0.24010534556143312,-2.0036759019497494
Mes-Acr_1,B97D3,2.3356571385809386,-0.8720625103002136
NCE_1,B97D3,0.9373908407044956,-1.944831529933626
NCE_2,B97D3,0.6061767202420582,-1.970699771550406
NCE_3,B97D3,0.724423025787155,-1.8178353999539683
NCE_4,B97D3,0.4663180354269244,-1.7909015600669864
PA_1,B97D3,-0.4175165464662681,-2.957441867102197
PA_2,B97D3,-0.3810516429638463,-2.372580255086166
PA_3,B97D3,-0.28491459677415365,-2.118021181750538
PDI_1,B97D3,1.0390381946139793,-0.884937038153298
PDI_2,B97D3,1.2165865678623633,-0.6654594409384277
PDI_3,B97D3,1.520990932403619,-0.42236643358848036
Ph-Acr_1,B97D3,0.8979179894757522,-1.3649574947020935
Ph-Acr_2,B97D3,1.1985905831455086,-1.0077883282684144
POZ_1,B97D3,-0.08073388589961841,-2.296378549813499
POZ_2,B97D3,0.02400277781019841,-2.3616924312598653
POZ_3,B97D3,-0.014436856707584239,-2.6840125068975786
POZ_4,B97D3,0.025521173718563078,-2.983274189681618
POZ_5,B97D3,-0.14730874344691128,-2.337047341901226
PTZ_1,B97D3,0.017775177694761973,-2.899171111313722
PTZ_2,B97D3,0.15303323176361747,-2.8977958473573744
PTZ_3,B97D3,0.08722573558344723,-2.619265166716442
Rh_6G,B97D3,0.7051900110014971,-1.3944785941377678
Rh_B,B97D3,0.6134633878936319,-1.3158899051961348
BF3-Acr_m,CAM-B3LYP-D3,2.0209965267298347,-0.9096566867408006
BF3-Acr_o,CAM-B3LYP-D3,1.9139087983915029,-1.0513703724261427
BF3-Acr_p,CAM-B3LYP-D3,2.0072890580393294,-0.8560556786377366
BOH-Acr_m,CAM-B3LYP-D3,2.1267043651677118,-0.6232099388483529
BOH-Acr_o,CAM-B3LYP-D3,2.2309286382933426,-0.5680872694791729
BOH-Acr_p,CAM-B3LYP-D3,2.186947675064317,-0.5880958090572691
CA_1,CAM-B3LYP-D3,1.2308834353966067,-1.3673983569348311
CA_2,CAM-B3LYP-D3,1.282779921642605,-1.6926014799936278
CA_3,CAM-B3LYP-D3,1.704298597642833,-1.2598586472977757
Eos_1,CAM-B3LYP-D3,-0.1345855109587836,-2.1852469358899276
Eos_2,CAM-B3LYP-D3,-0.0059213223970559226,-2.0650362396558277
Eos_3,CAM-B3LYP-D3,-0.08188193470054142,-2.1907398283085673
Eos_Y,CAM-B3LYP-D3,0.20838556531891025,-2.002494111040353
Me2-Acr_1,CAM-B3LYP-D3,0.5380216969176784,-2.535294607847652
Me2-Acr_2,CAM-B3LYP-D3,0.40995561485026377,-2.5357299901846617
Me2-Acr_3,CAM-B3LYP-D3,0.5455306816849556,-2.4996626451826507
Mes-Acr_1,CAM-B3LYP-D3,1.9933307002816396,-0.7201342107339149
NCE_1,CAM-B3LYP-D3,1.3054481030724658,-1.9894603964957054
NCE_2,CAM-B3LYP-D3,1.0469621531673519,-1.9920016687824837
NCE_3,CAM-B3LYP-D3,1.2397472755693184,-2.1078209899085985
NCE_4,CAM-B3LYP-D3,1.0025768285927676,-2.066150546329716
PA_1,CAM-B3LYP-D3,-0.177479923135245,-3.4771131374154947
PA_2,CAM-B3LYP-D3,-0.1418906823620313,-2.5529477289765867
PA_3,CAM-B3LYP-D3,-0.04908567162691693,-2.8860416126777015
PDI_1,CAM-B3LYP-D3,1.3416482396877591,-0.8969225696917728
PDI_2,CAM-B3LYP-D3,1.6405907327956384,-0.6982562482404066
PDI_3,CAM-B3LYP-D3,2.081495623730253,-0.335887256103239
Ph-Acr_1,CAM-B3LYP-D3,1.1406362958914227,-1.1703587327477272
Ph-Acr_2,CAM-B3LYP-D3,1.5508023774343278,-0.8417816686820027
POZ_1,CAM-B3LYP-D3,0.28198749380310917,-2.5265507699311764
POZ_2,CAM-B3LYP-D3,0.3541752460314648,-2.5226217164420865
POZ_3,CAM-B3LYP-D3,0.30423770819092477,-2.8757293098875705
POZ_4,CAM-B3LYP-D3,0.31307243217452074,-3.189449495890981
POZ_5,CAM-B3LYP-D3,0.249005104774597,-2.6502698314643625
PTZ_1,CAM-B3LYP-D3,0.3347648129445894,-3.463334919100794
PTZ_2,CAM-B3LYP-D3,0.4960848537696988,-2.997652963515134
PTZ_3,CAM-B3LYP-D3,0.4440917670681396,-2.6628643540487715
Rh_6G,CAM-B3LYP-D3,1.0040995783155924,-1.1739351265416116
Rh_B,CAM-B3LYP-D3,0.9030135955174391,-1.1186078274720574
BF3-Acr_m,M06,1.8507938698568815,-0.8880072999736032
BF3-Acr_o,M06,1.7927070631036899,-1.0411386153643987
BF3-Acr_p,M06,1.8410519179366474,-0.8390216167761982
BOH-Acr_m,M06,2.076333077675226,-0.6409637421424116
BOH-Acr_o,M06,2.065366612922871,-0.5419275938106501
BOH-Acr_p,M06,2.031244610629835,-0.5937206767497533
CA_1,M06,1.141667879911132,-1.3369030895182417
CA_2,M06,0.9270290131712399,-1.5689852775266089
CA_3,M06,1.2907074176771878,-1.207087042563297
Eos_1,M06,-0.07469023481946505,-2.2112713709268537
Eos_2,M06,0.036114570234078686,-2.088821721018619
Eos_3,M06,-0.1462757988532223,-2.1931997385275204
Eos_Y,M06,0.2020779636786921,-2.0410472170246226
Me2-Acr_1,M06,0.5092344888362691,-2.4308374051750623
Me2-Acr_2,M06,0.3502834721568068,-2.4288871644139918
Me2-Acr_3,M06,0.5485380851829232,-2.2087861541172646
Mes-Acr_1,M06,1.9570247113349493,-0.7315317040026311
NCE_1,M06,1.1826798077133307,-1.9699057430062932
NCE_2,M06,0.8971136206052807,-1.9211475470815844
NCE_3,M06,1.0306350433689127,-1.9486433022958773
NCE_4,M06,0.9203820854335923,-1.9426064540670591
PA_1,M06,-0.17293153827386246,-3.22438022087823
PA_2,M06,-0.13591125017819508,-2.633565843836791
PA_3,M06,-0.0619893156691175,-2.5296310999729434
PDI_1,M06,1.2286969997122639,-0.8884905743748609
PDI_2,M06,1.4653379129145585,-0.6422775083442142
PDI_3,M06,1.9258154168928407,-0.3439842791619302
Ph-Acr_1,M06,1.2052247215230154,-1.191042387064221
Ph-Acr_2,M06,1.4802717992302363,-0.8311588838601
POZ_1,M06,0.21021906919077757,-2.446572667102169
POZ_2,M06,0.3088922175009744,-2.4087795753558345
POZ_3,M06,0.26926725456783684,-2.754745265780637
POZ_4,M06,0.2820421887094128,-3.1091239035361347
POZ_5,M06,0.19631867170642323,-2.482657427399145
PTZ_1,M06,0.28357364608900026,-3.0178002812122235
PTZ_2,M06,0.4426386785128017,-2.94566123737518
PTZ_3,M06,0.38922161945120826,-2.5891037831261126
Rh_6G,M06,0.975029371715746,-1.1880515825155942
Rh_B,M06,0.9112341582888283,-1.119836966235909
BF3-Acr_m,M062X,2.1558994720789832,-0.829217622866877
BF3-Acr_o,M062X,2.132799990015491,-1.0060661190083944
BF3-Acr_p,M062X,2.2317183130044334,-0.7787004822867901
BOH-Acr_m,M062X,2.3588407038571213,-0.5538154364368565
BOH-Acr_o,M062X,2.3801649144393537,-0.5128462305388201
BOH-Acr_p,M062X,2.3614070106234517,-0.5418818786598195
CA_1,M062X,1.5155742318927188,-1.3692509087929134
CA_2,M062X,1.4078171032106161,-1.6549765546788615
CA_3,M062X,1.5588904207097039,-1.2011326448713868
Eos_1,M062X,0.12718376600959455,-2.100851335022861
Eos_2,M062X,0.20507747589336364,-1.9925771898124665
Eos_3,M062X,0.1725549594716199,-2.099940025364284
Eos_Y,M062X,0.45038739571549746,-1.9155183255808264
Me2-Acr_1,M062X,0.7338191208758943,-2.43314357099837
Me2-Acr_2,M062X,0.6258769547017998,-2.4664731774354505
Me2-Acr_3,M062X,0.747957890187657,-2.5359797908013255
Mes-Acr_1,M062X,2.1885697463875675,-0.6530099550959941
NCE_1,M062X,1.531130442830451,-1.9596250054421533
NCE_2,M062X,1.2609288984340767,-1.9113337570618847
NCE_3,M062X,1.4422191107661413,-1.9912209738299596
NCE_4,M062X,1.2118286552516042,-1.969466006848636
PA_1,M062X,-0.019510965744741787,-3.3670705235751757
PA_2,M062X,0.024846875319602363,-2.8727888464215057
PA_3,M062X,0.11257206262912031,-2.763889111215837
PDI_1,M062X,1.561541082802902,-0.789032377285304
PDI_2,M062X,1.8271730174506353,-0.5918539749730191
PDI_3,M062X,2.2656977275923693,-0.20164364290733464
Ph-Acr_1,M062X,1.3465079229265382,-1.1006613674952335
Ph-Acr_2,M062X,1.742868574752492,-0.78289022095035
POZ_1,M062X,0.4754918134030538,-2.4034904962857575
POZ_2,M062X,0.5186216041602553,-2.4449407996778207
POZ_3,M062X,0.4733293237601158,-2.80795089229052
POZ_4,M062X,0.48049734972633884,-3.098616767149821
POZ_5,M062X,0.4279238439427019,-2.855135453181487
PTZ_1,M062X,0.48702454731574074,-3.363776311957197
PTZ_2,M062X,0.633244712316302,-2.960987784132986
PTZ_3,M062X,0.6067383634582854,-2.6044379490746925
Rh_6G,M062X,1.1655782615853485,-1.0984011889276526
Rh_B,M062X,1.1148154020981624,-1.0619199585931614
BF3-Acr_m,M06L,1.4326730808926116,-1.060976267375342
BF3-Acr_o,M06L,1.4309084218487933,-1.197250667088546
BF3-Acr_p,M06L,1.4502568129527682,-1.0391119105814117
BOH-Acr_m,M06L,1.698470732935038,-0.7716328663653264
BOH-Acr_o,M06L,1.7450430374161328,-0.726990394100575
BOH-Acr_p,M06L,1.722369685819999,-0.7660999731904833
CA_1,M06L,0.7606775852007616,-1.4877804849706249
CA_2,M06L,0.6178063267275761,-1.8170528001991104
CA_3,M06L,0.8484512087966941,-1.2971725463771646
Eos_1,M06L,-0.29678720101881273,-2.3001489608579417
Eos_2,M06L,-0.16540976415263167,-2.17872137099487
Eos_3,M06L,-0.2647460541959926,-2.296391883386526
Eos_Y,M06L,-0.02933047017144333,-2.208631321271098
Me2-Acr_1,M06L,0.2649422752664933,-2.528754893015381
Me2-Acr_2,M06L,0.04469377920638315,-2.4238557772686224
Me2-Acr_3,M06L,0.2649820039023322,-2.112482302069984
Mes-Acr_1,M06L,1.5614036652517007,-0.7954175313855857
NCE_1,M06L,0.9749684181895552,-2.036696386925944
NCE_2,M06L,0.6620381790175985,-2.0493009777318147
NCE_3,M06L,0.7926686630582896,-1.9250510218503933
NCE_4,M06L,0.5187693620440023,-1.917126519074853
PA_1,M06L,-0.42293624023002374,-3.1361714870625588
PA_2,M06L,-0.38569227446014087,-2.448137866605698
PA_3,M06L,-0.2577804810074452,-2.269819410842232
PDI_1,M06L,1.0465765676783634,-0.9279822014601743
PDI_2,M06L,1.2686076822963295,-0.7589202463208283
PDI_3,M06L,1.5529009203167798,-0.43991070913316255
Ph-Acr_1,M06L,0.9564804514332407,-1.3762836941120722
Ph-Acr_2,M06L,1.3048880925382078,-1.0563163157879356
POZ_1,M06L,-0.06614857757267548,-2.3645460903745614
POZ_2,M06L,-0.00595832990040393,-2.4505107003498248
POZ_3,M06L,-0.008099322544999593,-2.826890840339371
POZ_4,M06L,-0.0029860290972635595,-3.1538844732640694
POZ_5,M06L,-0.13613928167305858,-2.4178594740181754
PTZ_1,M06L,0.0335447259865381,-3.009735911854794
PTZ_2,M06L,0.1900690303581026,-3.016231272110214
PTZ_3,M06L,0.1287886941520565,-2.689078724632878
Rh_6G,M06L,0.7486759989351143,-1.432424341816851
Rh_B,M06L,0.6632096296191984,-1.3580262078813097
BF3-Acr_m,PBE-D3,1.5090908446487208,-0.9765637954354774
BF3-Acr_o,PBE-D3,1.6609217274107402,-1.090766487518792
BF3-Acr_p,PBE-D3,1.4313372734579253,-0.9281128161662265
BOH-Acr_m,PBE-D3,1.7877322756700518,-0.6850962728474771
BOH-Acr_o,PBE-D3,1.8002350958479023,-0.5855044677990126
BOH-Acr_p,PBE-D3,1.7562508672549382,-0.6474185574194607
CA_1,PBE-D3,0.7709166893298219,-1.3159614711721428
CA_2,PBE-D3,0.5815506788634469,-1.6341854153582815
CA_3,PBE-D3,0.8288383229166755,-1.1573881486674371
Eos_1,PBE-D3,-0.19841501074727877,-2.1592532497395553
Eos_2,PBE-D3,-0.01597538904649856,-2.059890292531579
Eos_3,PBE-D3,-0.20303904329423297,-2.097133986184191
Eos_Y,PBE-D3,0.015394180525320239,-2.1123954976814927
Me2-Acr_1,PBE-D3,0.3362208947496891,-2.358166378551636
Me2-Acr_2,PBE-D3,0.12855930208321417,-2.2202024232549253
Me2-Acr_3,PBE-D3,0.36508592742390056,-1.881617007690589
Mes-Acr_1,PBE-D3,1.8705798202174706,-0.7660523532496931
NCE_1,PBE-D3,1.0696066606854528,-1.8347026559641058
NCE_2,PBE-D3,0.7392973191413402,-1.8505693489336092
NCE_3,PBE-D3,0.8533375591877143,-1.6934341487137772
NCE_4,PBE-D3,0.588978301547432,-1.6696611845969498
PA_1,PBE-D3,-0.32093241703304043,-2.8463325665349672
PA_2,PBE-D3,-0.28270802465926115,-2.2546251114693545
PA_3,PBE-D3,-0.20946011643806042,-2.0023926125110423
PDI_1,PBE-D3,1.170477945580331,-0.7652645833347494
PDI_2,PBE-D3,1.3399439899417787,-0.5755753014671819
PDI_3,PBE-D3,1.6818970878900612,-0.3028145252792708
Ph-Acr_1,PBE-D3,1.0130047798184871,-1.284531764407384
Ph-Acr_2,PBE-D3,1.3216693605364145,-0.8889550729071737
POZ_1,PBE-D3,0.043455116455610815,-2.1388700092395574
POZ_2,PBE-D3,0.09833152268933673,-2.2204010664434017
POZ_3,PBE-D3,0.08944591339482474,-2.5730947745564055
POZ_4,PBE-D3,0.11896048209643392,-2.849956308155465
POZ_5,PBE-D3,-0.03179010824837683,-2.175005382730179
PTZ_1,PBE-D3,0.1068666491958746,-2.780819769776667
PTZ_2,PBE-D3,0.24385562018151283,-2.7685395388163228
PTZ_3,PBE-D3,0.18259025023974348,-2.5121692749589823
Rh_6G,PBE-D3,0.7847855216005583,-1.2870273215495187
Rh_B,PBE-D3,0.8021912911373305,-1.2409029166513967
BF3-Acr_m,TDHF,0.5868452001985066,-0.9251886795384187
BF3-Acr_o,TDHF,0.4821417343935567,-1.0971524579616054
BF3-Acr_p,TDHF,0.6227500931697639,-0.898500558552349
BOH-Acr_m,TDHF,0.7259533947069402,-0.6785337004366968
BOH-Acr_o,TDHF,0.7304658605278705,-0.5917396871114103
BOH-Acr_p,TDHF,0.7124973593181624,-0.6527560727697662
CA_1,TDHF,-1.2723456848842858,-2.0572575899555137
CA_2,TDHF,-1.0073643747175653,-2.416556320253815
CA_3,TDHF,-0.027222131172424474,-3.5667246187101287
Eos_1,TDHF,-2.203830958885822,-2.752886999534114
Eos_2,TDHF,-2.1761517988584136,-2.6229966654613897
Eos_3,TDHF,-2.244731864171789,-2.7306805954947952
Eos_Y,TDHF,-1.7658012240642456,-2.3840060482045606
Me2-Acr_1,TDHF,-1.1231028779980226,-3.450167596625081
Me2-Acr_2,TDHF,-2.5927974580344615,-3.4371507531748864
Me2-Acr_3,TDHF,-2.14250354696734,-3.3515241087354473
Mes-Acr_1,TDHF,0.5462468856269856,-0.799024129828389
NCE_1,TDHF,-0.20915643725762526,-2.195615294163435
NCE_2,TDHF,-0.789792663696195,-2.2305403047529633
NCE_3,TDHF,-0.5583126638762387,-2.154583774159041
NCE_4,TDHF,-0.3966916650062785,-1.832591867965335
PA_1,TDHF,-0.9534330202694513,-4.591893015194302
PA_2,TDHF,-0.08015863698072004,-4.346930584938223
PA_3,TDHF,-0.8222125931566676,-4.33948473060746
PDI_1,TDHF,-0.44224952863917133,-1.8122094438047753
PDI_2,TDHF,0.0689083842770147,-1.3047237087985954
PDI_3,TDHF,-0.09685908713326832,-0.8861444078077233
Ph-Acr_1,TDHF,-0.8317466500187755,-1.3199152870235138
Ph-Acr_2,TDHF,-0.19560434564164134,-0.9221303907264414
POZ_1,TDHF,-2.4710357122216715,-3.4510103335635987
POZ_2,TDHF,-1.9948743758710212,-3.4437299245288195
POZ_3,TDHF,-1.368183133603107,-3.628855311036186
POZ_4,TDHF,-1.0879887482007513,-4.048758446453416
POZ_5,TDHF,-2.248999155320161,-2.4978685978386332
PTZ_1,TDHF,-1.1337675683722752,-4.095087481048819
PTZ_2,TDHF,-0.30287956049646547,-3.718623257849676
PTZ_3,TDHF,-0.8523573777914691,-3.5034349930098743
Rh_6G,TDHF,-0.862873221825266,-1.2774763936207996
Rh_B,TDHF,-1.128544612994662,-1.2561266043306607
BF3-Acr_m,TPSS,1.465893569625075,-1.0317272819002987
BF3-Acr_o,TPSS,1.4356554499048397,-1.1692515010424454
BF3-Acr_p,TPSS,1.410206263786813,-0.9732932577292587
BOH-Acr_m,TPSS,1.7639639374849554,-0.7819995919475836
BOH-Acr_o,TPSS,1.946720027735592,-0.6648776612916504
BOH-Acr_p,TPSS,1.692296195043935,-0.7124965160691058
CA_1,TPSS,0.6928659696926568,-1.2759762293468389
CA_2,TPSS,0.5532151799480239,-1.6742125627235613
CA_3,TPSS,0.7727504653127723,-1.1836332681257233
Eos_1,TPSS,-0.2763606943986717,-2.286089648817857
Eos_2,TPSS,-0.11235243974866319,-2.1724823420778043
Eos_3,TPSS,-0.2845162219404921,-2.6816943680504743
Eos_Y,TPSS,0.02554403130325919,-2.1711857190784447
Me2-Acr_1,TPSS,0.2449416269933483,-2.4488603291738027
Me2-Acr_2,TPSS,0.06635432263937754,-2.3235153867157923
Me2-Acr_3,TPSS,0.27706767338376415,-1.9876949211186368
Mes-Acr_1,TPSS,1.585299080652359,-0.8221921846088466
NCE_1,TPSS,0.9914650549811675,-1.9181047687653323
NCE_2,TPSS,0.6848092195321881,-1.9376586059091196
NCE_3,TPSS,0.7476392447429442,-1.7986527262508734
NCE_4,TPSS,0.5285121303098613,-1.7679963673651353
PA_1,TPSS,-0.40011513075014304,-2.9886190521085205
PA_2,TPSS,-0.3590961279978998,-2.3771621099634994
PA_3,TPSS,-0.2599603859515355,-2.118684595588598
PDI_1,TPSS,1.0965979166174162,-0.8490816699251645
PDI_2,TPSS,1.2862588986353054,-0.6219418877911934
PDI_3,TPSS,1.2902801987469323,-0.37110941514532436
Ph-Acr_1,TPSS,0.9466859815108398,-1.3066132681414646
Ph-Acr_2,TPSS,1.260791480879781,-0.9689304545913159
POZ_1,TPSS,0.012557120372338554,-2.279352651364902
POZ_2,TPSS,0.02289745090106407,-2.3399698458439713
POZ_3,TPSS,0.016268210575652725,-2.680631218817148
POZ_4,TPSS,0.04849385067138953,-3.0176838164310102
POZ_5,TPSS,-0.10416425853651604,-2.286831975705428
PTZ_1,TPSS,0.05666461659166497,-2.9066349251616175
PTZ_2,TPSS,0.2149475934951491,-2.8899946122020093
PTZ_3,TPSS,0.13412648161344584,-2.6051963306832495
Rh_6G,TPSS,0.7289991662760477,-1.4263336150180743
Rh_B,TPSS,0.5877317474886153,-1.3206766618911132
BF3-Acr_m,wB97XD,1.9829661516127994,-0.8977149655508224
BF3-Acr_o,wB97XD,1.9251985345326754,-1.0663924236640754
BF3-Acr_p,wB97XD,2.028635309854446,-0.8589011743333045
BOH-Acr_m,wB97XD,2.1519377649133804,-0.6632694677790621
BOH-Acr_o,wB97XD,2.1651015499047905,-0.5699477126329259
BOH-Acr_p,wB97XD,2.1839968712657067,-0.6152247546577047
CA_1,wB97XD,1.2584474912105938,-1.4031957648834412
CA_2,wB97XD,1.3283037710188181,-1.71051202093
CA_3,wB97XD,1.3456368861352481,-1.2716403654938757
Eos_1,wB97XD,-0.09644166431339177,-2.1953178736059815
Eos_2,wB97XD,0.0660656097294062,-2.0793224947464415
Eos_3,wB97XD,-0.09609907283346111,-2.1548964331042297
Eos_Y,wB97XD,0.20350656201376846,-1.97672491889126
Me2-Acr_1,wB97XD,0.5452427851082359,-2.52050956787243
Me2-Acr_2,wB97XD,0.42402009705043453,-2.543191627119139
Me2-Acr_3,wB97XD,0.5587263040072538,-2.502895903268251
Mes-Acr_1,wB97XD,2.0742255550434874,-0.7267095724924614
NCE_1,wB97XD,1.3211488065238188,-2.032941214263049
NCE_2,wB97XD,1.0698934687992767,-2.007944281548643
NCE_3,wB97XD,1.2620010274383433,-2.150306414807768
NCE_4,wB97XD,1.0422752622918723,-2.1236914924765826
PA_1,wB97XD,-0.17648044855131975,-3.5214317940692603
PA_2,wB97XD,-0.07100445120678636,-2.6169908382302087
PA_3,wB97XD,-0.0493501663967745,-3.0388553710804933
PDI_1,wB97XD,1.3548106641113766,-0.9385679787911031
PDI_2,wB97XD,1.708799634680696,-0.7772517475582873
PDI_3,wB97XD,2.0315746848638017,-0.3069996379708829
Ph-Acr_1,wB97XD,1.146163474677826,-1.185755757018645
Ph-Acr_2,wB97XD,1.5556462780632043,-0.8647290390441941
POZ_1,wB97XD,0.28750759762090505,-2.5090739786467506
POZ_2,wB97XD,0.33907645866362535,-2.528679245335996
POZ_3,wB97XD,0.31649834694907286,-2.89524205783082
POZ_4,wB97XD,0.322570297878905,-3.2196718330075016
POZ_5,wB97XD,0.30585569780770394,-3.166715190771751
PTZ_1,wB97XD,0.36129537994272065,-3.2589754293510613
PTZ_2,wB97XD,0.5173486550540943,-3.0384697855976914
PTZ_3,wB97XD,0.4659944919270226,-2.661406095333348
Rh_6G,wB97XD,0.983089659369799,-1.1638911281136308
Rh_B,wB97XD,0.9099862436622189,-1.1037762560096605
